2201.792701,-0.29218700000001263,"RC 21_1","maya"
2201.792701,-0.29218700000001263,"RC 21_2","maya"
3000.157526,-0.09935799999999517,"RC 16_1","maya"
2999.67214,-0.07818900000000895,"RC 16_2","maya"
3979.029763,0.15290399999997817,"RC 11_1","maya"
3984.2704143333335,0.7584536666666585,"RC 11_2","maya"
4716.063958,0.32408900000001495,"RC 6_1","maya"
4715.657370666667,0.3351440000000139,"RC 6_2","maya"
5747.223631,0.6088494999999909,"RC 1_1","maya"
5747.528781333333,0.6021266666666634,"RC 1_2","maya"
1986.8956855000001,-25.927362000000016,"RC 22_1","maya"
1986.5999000000002,-25.950009499999993,"RC 22_2","maya"
2536.693426,-32.39873300000002,"RC 17_1","maya"
2536.6934915,-32.39873,"RC 17_2","maya"
3076.5470743333335,-39.66386166666666,"RC 12_1","maya"
3074.945591,-39.696411999999995,"RC 12_2","maya"
3391.0344523333333,-44.56107266666667,"RC 7_1","maya"
3386.0416105,-44.63599450000001,"RC 7_2","maya"
3682.579925,-50.412994999999995,"RC 2_1","maya"
3666.317656333333,-50.538848,"RC 2_2","maya"
1787.0331729999998,-35.799424333333356,"RC 23_1","maya"
1786.0593085,-35.84669200000002,"RC 23_2","maya"
1785.9845555000002,-35.82506999999998,"RC 23_3","maya"
1784.9960729999998,-35.874533499999984,"RC 23_4","maya"
1785.6850035,-35.83708050000001,"RC 23_5","maya"
1784.3520105,-35.905238999999995,"RC 23_6","maya"
2131.855507333333,-44.72206033333334,"RC 18_1","maya"
2130.20136,-44.66986733333334,"RC 18_2","maya"
2466.7355255,-51.25491550000001,"RC 13_1","maya"
2469.8308385,-51.2816435,"RC 13_2","maya"
2464.876735,-51.296664500000006,"RC 13_3","maya"
2463.413432,-51.30032249999999,"RC 13_4","maya"
2634.247758,-55.559114666666666,"RC 8_1","maya"
2627.973244,-55.625350999999995,"RC 8_2","maya"
2627.8657945,-55.552395000000004,"RC 8_3","maya"
2628.3144199999997,-55.5942185,"RC 8_4","maya"
2709.641378,-61.80339566666667,"RC 3_1","maya"
2717.7936895000003,-61.76999649999999,"RC 3_2","maya"
2703.2079295,-61.926222499999994,"RC 3_3","maya"
2709.900298,-61.807693,"RC 3_4","maya"
2704.408962,-62.078940999999986,"RC 3_5","maya"
2698.6901536666664,-61.930258666666674,"RC 3_6","maya"
1494.5277856666664,-46.870072333333326,"RC 24_1","maya"
1494.1863953333332,-46.881171,"RC 24_2","maya"
1493.175759,-46.89379333333333,"RC 24_3","maya"
1492.1927066666667,-46.923508999999996,"RC 24_4","maya"
1488.7669005,-46.9877915,"RC 24_5","maya"
1487.690262,-47.02613050000001,"RC 24_6","maya"
1629.828773,-56.381566500000005,"RC 19_1","maya"
1629.189243,-56.38952233333333,"RC 19_2","maya"
1629.5582463333333,-56.33821,"RC 19_3","maya"
1624.579355,-56.449163,"RC 19_4","maya"
1624.2383639999998,-56.4563105,"RC 19_5","maya"
1624.7599424999999,-56.41606949999999,"RC 19_6","maya"
1770.106706,-63.06866299999999,"RC 14_1","maya"
1769.543379,-63.080160500000005,"RC 14_2","maya"
1768.9998703333333,-63.098042333333325,"RC 14_3","maya"
1768.655111,-63.08301066666667,"RC 14_4","maya"
1768.191258,-63.09417633333334,"RC 14_5","maya"
1768.5163396666667,-63.10281566666666,"RC 14_6","maya"
1828.9271535,-66.75001950000001,"RC 9_1","maya"
1828.8870413333334,-66.76169,"RC 9_2","maya"
1827.186243,-66.756892,"RC 9_3","maya"
1826.9821036666665,-66.76375066666667,"RC 9_4","maya"
1826.042002,-66.77472066666665,"RC 9_5","maya"
1825.830807333333,-66.77494833333333,"RC 9_6","maya"
2048.179042333333,-68.67105733333334,"RC 4_1","maya"
2047.5149995,-68.68223449999999,"RC 4_2","maya"
2046.121223,-68.6878415,"RC 4_3","maya"
2045.1269185,-68.70458099999999,"RC 4_4","maya"
2039.9705095,-68.7046625,"RC 4_5","maya"
2039.0479146666667,-68.71948733333333,"RC 4_6","maya"
1226.9722840000002,-55.866245666666664,"RC 25_1","maya"
1227.5271440000001,-55.875199499999994,"RC 25_2","maya"
1226.550202,-55.885609,"RC 25_3","maya"
1228.9647603333333,-55.84270433333333,"RC 25_4","maya"
1222.612532,-55.967347999999994,"RC 25_5","maya"
1228.3635305,-55.9109005,"RC 25_6","maya"
1371.4195065,-62.63119999999999,"RC 20_1","maya"
1350.675875,-63.00166166666667,"RC 20_2","maya"
1328.1539615,-63.151366499999995,"RC 20_3","maya"
1319.7629120000001,-63.27662149999999,"RC 20_4","maya"
1359.2814223333332,-62.76412933333333,"RC 20_5","maya"
1358.811064,-62.79100150000001,"RC 20_6","maya"
1417.8156565,-68.86543,"RC 15_1","maya"
1420.784979,-68.8463515,"RC 15_2","maya"
1413.6547543333334,-68.894592,"RC 15_3","maya"
1415.2399295,-68.86905250000001,"RC 15_4","maya"
1416.642022,-68.82541733333333,"RC 15_5","maya"
106608.6541745,-171.3309535,"RC 15_6","maya"
1411.7289110000002,-68.88016449999999,"RC 15_7","maya"
1429.5492373333334,-72.05202266666666,"RC 10_1","maya"
1416.925943,-72.020154,"RC 10_2","maya"
1415.4785296666666,-72.05284066666667,"RC 10_3","maya"
1419.3213050000002,-72.04120066666667,"RC 10_4","maya"
1421.246574,-72.0844525,"RC 10_5","maya"
1420.5115853333334,-72.033617,"RC 10_6","maya"
1465.392779,-74.8402,"RC 5_1","maya"
1462.89505,-74.853792,"RC 5_2","maya"
1459.2743625,-75.0184855,"RC 5_3","maya"
1455.794984,-74.9915735,"RC 5_4","maya"
1457.986486,-75.07816633333333,"RC 5_5","maya"
1460.7482565,-74.9648385,"RC 5_6","maya"
2201.792701,-0.29218700000001263,"RC 21_3","maya"
2202.277904666667,-0.29287499999999983,"RC 21_4","maya"
2202.5206115,-0.29321999999999093,"RC 21_5","maya"
2201.9655669999997,-0.30256300000000164,"RC 21_6","maya"
1987.731904,-25.897635999999977,"RC 22_3","maya"
1987.9222106666666,-25.88762566666666,"RC 22_4","maya"
1987.721859,-25.905286999999987,"RC 22_5","maya"
1987.721859,-25.905286999999987,"RC 22_6","maya"
3000.527209,-0.09626799999999018,"RC 16_3","maya"
3000.157526,-0.09935799999999517,"RC 16_4","maya"
3000.1575260000004,-0.09935799999999517,"RC 16_5","maya"
3000.319237333333,-0.1064170000000028,"RC 16_6","maya"
2539.2240949999996,-32.34808050000001,"RC 17_3","maya"
2538.3672294999997,-32.34515250000001,"RC 17_4","maya"
2539.2240949999996,-32.34808050000001,"RC 17_5","maya"
2538.8605225,-32.33694750000001,"RC 17_6","maya"
2129.325110333333,-44.65499566666667,"RC 18_3","maya"
2130.667952,-44.6600215,"RC 18_4","maya"
2128.3315746666667,-44.63307066666667,"RC 18_5","maya"
2128.6330239999998,-44.66543349999999,"RC 18_6","maya"
3979.4606940000003,0.1388874999999814,"RC 11_3","maya"
3979.3170503333336,0.143559666666647,"RC 11_4","maya"
3979.029763,0.15290399999997817,"RC 11_5","maya"
3978.0569969999997,0.1466999999999814,"RC 11_6","maya"
3057.0402676666668,-40.01766899999999,"RC 12_3","maya"
3056.4121325,-40.001971499999996,"RC 12_4","maya"
3055.2474823333337,-40.04873166666666,"RC 12_5","maya"
3055.365443666667,-40.0412,"RC 12_6","maya"
2470.7979986666664,-51.21107766666666,"RC 13_5","maya"
2469.6867465,-51.22627399999999,"RC 13_6","maya"
4714.244508,0.31421899999999897,"RC 6_3","maya"
4714.6993705,0.316686500000003,"RC 6_4","maya"
4714.341058333333,0.34126400000000484,"RC 6_5","maya"
4715.454077,0.34067150000001334,"RC 6_6","maya"
3397.578016,-44.49112599999999,"RC 7_3","maya"
3396.3942605,-44.5068825,"RC 7_4","maya"
3395.944143,-44.49001100000001,"RC 7_5","maya"
3395.6693255,-44.502241,"RC 7_6","maya"
2638.567712,-55.446043,"RC 8_5","maya"
2638.037654,-55.5225775,"RC 8_6","maya"
5747.943593,0.5392149999999845,"RC 1_3","maya"
5746.918480666667,0.6155723333333185,"RC 1_4","maya"
5745.918889,0.5301119999999742,"RC 1_5","maya"
5747.223631,0.6088494999999909,"RC 1_6","maya"
3686.667663,-50.328453999999994,"RC 2_3","maya"
3685.849496,-50.35384500000001,"RC 2_4","maya"
3683.4000359999995,-50.36650533333333,"RC 2_5","maya"
3682.581816,-50.391862,"RC 2_6","maya"
